tag,count
javascript,1840
python,918
java,820
node.js,694
android,556
jquery,532
android-studio,400
bootstrap,370
php,338
swift,336
azure,313
c/c++,304
arduino,285
flask,269
ios,259
unity,254
c#,253
angular.js,229
mongodb,221
parse,220
express.js,216
firebase,215
google-maps,214
json,199
twilio,184
mysql,176
objective-c,173
pebble,132
amazon-web-services,122
xcode,116
xml,112
iphone-sdk,109
django,108
bluemix,101
myo,100
ruby-on-rails,98
leap-motion,97
photoshop,86
github,83
chrome,82
heroku,80
socket.io,78
ruby,77
twitter,77
meteor.js,76
oculus,76
linode,73
opencv,72
raspberry-pi,68
facebook,137
machine-learning,66
ajax,62
apache,62
d3.js,62
ionic,60
bluetooth,57
shell,52
reactjs,51
postgresql,49
jade,48
visual-studio,48
sql,46
uber,46
love,45
git,44
ibm-watson,44
clarifai,44
wolfram-technologies,43
hardware,40
api,40
google-places,39
adobe-illustrator,39
eclipse,38
braintree,38
particle,38
capital-one,35
microsoft-band,35
google,33
sass,33
microsoft,33
sketch,33
indico,33
sqlite,32
asp.net,31
linux,31
.co,31
spotify,30
google-cardboard,30
muse,29
kinect,28
processing,28
coffeescript,27
paypal,27
yelp,27
websockets,27
three.js,25
intel-edison,25
lua,24
rest,24
react,24
sublime-text,23
.net,23
alchemyapi,23
3dprinting,23
matlab,22
youtube,22
bash,22
numpy,21
sendgrid,21
walmart-open,21
natural-language-processing,21
.club,21
laravel,20
google-directions,20
blender,20
web,20
esri,20
namecheap,19
nltk,19
microsoft-project-oxford,19
venmo,18
blockchain,18
cocoapods,18
nessie,18
bing-maps,17
go,17
r,17
tears,17
google-web-speech-api,17
ubuntu,17
moxtra,17
materialize,17
digitalocean,16
canvas,15
libgdx,15
mongoose,15
phpmyadmin,15
servo,15
tesseract,15
google-geocoding,15
led,15
gps,14
nginx,14
phonegap,14
uikit,14
bing,14
makefile,14
postmates,14
oculus-gear-vr,14
clusterpoint,14
beautiful-soup,13
google-play,13
mapkit,13
pygame,13
sqlalchemy,13
bitcoin,13
gimp,13
ibm,13
accelerometer,12
amazon-ec2,12
cocoa,12
google-calendar,12
gradle,12
sweat,12
webrtc,12
vuforia,12
react-native,12
chegg,12
haskell,11
npm,11
redis,11
spring,11
tornado,11
bloomberg,11
instagram,11
amazon-dynamodb,11
adafruit,11
gulp.js,11
scikit-learn,11
leds,11
material-design,11
glsl,10
google-app-engine,10
handlebars.js,10
maven,10
nfc,10
scipy,10
wordpress,10
soundcloud,10
exotel,10
expedia,10
tripadvisor,10
mvc,10
nuance,10
android-wear,10
windows-10,10
apacheconf,10
electron,10
